{
    "bbox_min_x": -0.2565755550237024,
    "bbox_min_y": -0.045552015070131846,
    "bbox_min_z": -0.3931911858105289,
    "bbox_max_x": 0.40204293906714395,
    "bbox_max_y": 0.32078109716105097,
    "bbox_max_z": 0.2661739640639018
}